position,marker,pattern,metadata
chr1:163589926-163590185,D1S1677,[TTCC]n *,autosomal
chr1:230769516-230769783,D1S1656,CCTA [TCTA]n TCA [TCTA]n ,autosomal
chr2:1489553-1489784,TPOX,[AATG]n,autosomal
chr2:68011847-68012094,D2S441,[TCTA]n TCA [TCTA]n,autosomal
chr2:168788793-168789036,D2S1776,[AGAT]n,autosomal
chr2:218014759-218015050,D2S1338,[GGAA]n GGAC [GGAA]n [GGCA]n,autosomal
chr3:45540639-45540902,D3S1358,[TCTA]n [TCTG]n [TCTA]n,autosomal
chr3:85803384-85803631,D3S4529,[GATA]n AATA [GATA]n,autosomal
chr4:31302698-31302933,D4S2408,[ATCT]n *,autosomal
chr4:154587636-154587923,FGA,[GGAA]n GGAG [AAAG]n AGAA AAAA [GAAA]n,autosomal
chr5:59401344-59401587,D5S2500,[CTAT]n,autosomal
chr5:59403032-59403299,D5S2800,[GGTA]n [GACA]n [GATA]n [GATT]n,autosomal
chr5:123775456-123775699,D5S818,[ATCT]n,autosomal
chr5:150076224-150076475,CSF1PO,[ATCT]n,autosomal
chr6:88277044-88277415,SE33,[CTTT]n TT CT [CTTT]n,autosomal
chr6:91740125-91740372,D6S1043,[ATCT]n [ATGT]n [ATCT]n ATGT [ATCT]n,autosomal
chr6:112557851-112558118,D6S474,[AGAT]n [GATA]n [GGTA]n [GACA]n,autosomal
chr7:84160126-84160377,D7S820,[TATC]n,autosomal
chr8:124894765-124895016,D8S1179,[TCTA]n [TCTG]n [TCTA]n,autosomal
chr9:77073726-77073973,D9S1122,TAGA [TCTG]n [TAGA]n *,autosomal
chr9:133160182-133160411,D9S2157,[ATA]n *,autosomal
chr10:129294144-129294395,D10S1248,[GGAA]n,autosomal
chr11:2170988-2171215,TH01,[AATG]n ATG [AATG]n,autosomal
chr12:5983877-5984144,VWA,[TAGA]n [CAGA]n TAGA,autosomal
chr12:12296920-12297195,D12S391,[AGAT]n GA T [AGAT]n [AGAC]n AGAT,autosomal
chr12:107928490-107928728,D12ATA63,[TTG]n [TTA]n *,autosomal
chr13:82147925-82148188,D13S317,[TATC]n,autosomal
chr14:94841954-94842205,D14S1434,[CTGT]n [CTAT]n *,autosomal
chr15:96830915-96831154,Penta_E,[TCTTT]n,autosomal
chr16:86352602-86352845,D16S539,[GATA]n,autosomal
chr17:74684755-74685002,D17S1301,[AGAT]n *,autosomal
chr18:63281567-63281858,D18S51,[AGAA]n AG,autosomal
chr19:29926135-29926398,D19S433,[CCTT]n ccta [CCTT]n cttt [CCTT]n ,autosomal
chr20:4525592-4525847,D20S482,[AGAT]n *,autosomal
chr21:19181873-19182199,D21S11,[TCTA]n [TCTG]n [TCTA]n ta [TCTA]n tca [TCTA]n tccata [TCTA]n TA [TCTA]n,autosomal
chr21:43636105-43636369,Penta_D,[AAAGA]n,autosomal
chr22:37140187-37140437,D22S1045,[ATT]n ACT [ATT]n,autosomal
chrY:3263011-3263258,DYS393,[AGAT]n,xy
chrY:3772690-3772937,DYS505,[TCCT]n,xy
chrY:4402819-4403078,DYS456,[AGAT]n,xy
chrY:6993090-6993357,DYS570,[TTTC]n,xy
chrY:7185218-7185485,DYS576,[AAAG]n,xy
chrY:7547485-7547724,DYS522,[ATAG]n,xy
chrY:7999739-8000002,DYS458,[GAAA]n,xy
chrY:8349854-8350239,DYS449,[TTCT]n N22 [TTCT]n N12 [TTCT]n,xy
chrY:8558237-8558502,DYS481,[CTT]n,xy
chrY:8781844-8782249,DYS627,[AGAA]n N16 [AGAG]n [AAAG]n N82 [AAGG]n,xy
chrY:9684280-9684543,DYS19,[TCTA]n ccta [TCTA]n,xy
chrY:11981989-11982232,DYS391,[TCTA]n,xy
chrY:12258760-12259051,DYS635,[TAGA]n [TACA]n [TAGA]n [TACA]n [TAGA]n [TACA]n [TAGA]n ,xy
chrY:12346167-12346426,DYS437_(GRCH37),[TCTA]n [TCTG]n [TCTA]n,xy
chrY:12346167-12346426,DYS437_(GRCH38),[TCTA]n [TCTG]n [TCTA]n,xy
chrY:12403417-12403664,DYS439_(GRCH37),[GATA]n ,xy
chrY:12403417-12403664,DYS439_(GRCH38),[GATA]n ,xy
chrY:12500348-12500789,DYS389-I_/_-II,[TAGA]n [CAGA]n N48 [TAGA]n [CAGA]n ,xy
chrY:12825789-12826048,DYS438_(GRCH37),[TTTTC]n,xy
chrY:12825789-12826048,DYS438_(GRCH38),[TTTTC]n,xy
chrY:13640628-13640935,DYS612,[CCT]n CTT [TCT]n CCT [TCT]n,xy
chrY:15162967-15163262,DYS390,[TAGA]n CAGA [TAGA]n [CAGA]n,xy
chrY:15207888-15208288,DYS518,[AAAG]n GAAG [AAAG]n GGAG [AAAG]n gaagag [AAAG]n N27 [AAGG]n,xy
chrY:15314032-15314286,DYS643,[CTTTT]n,xy
chrY:16281249-16281496,DYS533,[TATC]n,xy
chrY:16631573-16631820,Y-GATA-H4,[TCTA]n,xy
chrY:18639613-18639976,DYS385b,[TTTC]n,xy
chrY:18680412+18680787,DYS385a,Reverse of reference sequence  to match allele-b repeat description:                          [TTTC]n,xy
chrY:18888704-18889095,DYS460_(MPS_sequence_may_include_incidental_STR_DYS461:_[TCTG]a_[TCTA]b),[CTAT]n ,xy
chrY:19358238-19358489,DYS549,[GATA]n,xy
chrY:20471887-20472125,DYS392,[ATA]n,xy
chrY:22218823-22219178,DYS448,[AGAGAT]n N42 [AGAGAT]n,xy
chrY:23785261-23785600,DYF387S1_fragment_1,[AAAG]n GTAG [GAAG]n [AAAG]n GAAG [AAAG]n [GAAG]n [AAAG]n ,xy
chrY:25884481+25884824,DYF387S1_fragment_2,Reverse of reference sequence to match fragment 1 repeat description:   [AAAG]n GTAG [GAAG]n [AAAG]n GAAG [AAAG]n [GAAG]n [AAAG]n ,xy
chrX:9338202-9338550,DXS10135,[AAGA]n gaaagga [AAGA]n AAAG ,xy
chrX:9402162-9402401,DXS8378,[ATAG]n,xy
chrX:65435547-65435802,DXS7132,[TAGA]n ,xy
chrX:67757245-67757500,DXS10074,[AAGA]n [AAGG]n [AAGA]n,xy
chrX:134284859-134285158,DXS10103,[TAGA]n ctga CAGA [TAGA]n [CAGA]n TAGA,xy
chrX:134481409-134481660,HPRTB,[ATCT]n,xy
chrX:150542422-150542689,DXS7423,[TGGA]n aggacaga [TGGA]n,xy
chr1:7382711-7382974,D1GATA113,[GATA]n ,autosomal
chr1:106420972-106421250,D1S1627,[ATT]n,autosomal
chr2:17310598-17310901,D2S1360,[AGAT]n [AGAC]n [AGAT]n,autosomal
chr2:66823866-66824205,D2S1772,[CTAT]n [ (GTAT)(CTAT) ]n [CTAT]n CTGT CTAT CTGT CTAT,autosomal
chr3:107271067-107271324,D3S3045,[AGAT]n at [AGAT]n,autosomal
chr3:147374652-147374968,D3S1744,[ATAG]n atg [ATAG]n at [ATAG]n,autosomal
chr3:172033055-172033310,D3S3053,[GATA]n,autosomal
chr4:6482994-6483292,D4S2366,[GATA]n [GATT]n [GATA]n gac [GATA]n,autosomal
chr4:92596122-92596377,D4S2364,[ATTC]n ATCC ATTC,autosomal
chr6:6140294-6140565,D6S477,[TCTA]n TA [TCTA]n TA TCTA TCTG [TCTA]n,autosomal
chr6:41709421-41709700,D6S1017,[GGAT]n ,autosomal
chr7:21226999-21227284,D7S3048,[TATC]n [TACC]n [CACC]n,autosomal
chr7:123857545-123857832,D7S1517,[CTTT]n GTTT [CTTT]n [GTTT]n [CTTT]n,autosomal
chr8:42681338-42681611,D8S1115,[TAA]n,autosomal
chr8:106316572-106316944,D8S1132,[TCTA]n tca [TCTA]n ,autosomal
chr9:18288988-18289299,D9S925,[TATA]n [TGTC]n [TATC]n [TACC]n [TATC]n,autosomal
chr10:2201038-2201281,D10S1435,[TATC]n,autosomal
chr10:12750942-12751216,D10S2325,[ATAAG]n,autosomal
chr11:19259481-19259834,D11S2368,[TATC]n [TGTC]n [TATC]n,autosomal
chr11:131002411-131002678,D11S4463,[TATC]n,autosomal
chr13:42599164-42599492,D13S325,[TCTA]n tca [TCTA]n,autosomal
chr14:28380143-28380450,D14S608,[GATA]n N12 [GATA]n GACA [GATA]n,autosomal
chr15:46081811-46082066,D15S659,[TATC]n,autosomal
chr17:10615328-10615594,D17S974,[ATAG]n atg [ATAG]n,autosomal
chr17:58254009-58254332,D17S1290,[AGAT]n N28 [ATAG]n,autosomal
chr18:3990509-3990784,D18S853,[ATA]n ,autosomal
chr18:40568743-40569029,D18S535,AGAT AGAC [AGAT]n gat [AGAT]n,autosomal
chr18:65732848-65733187,D18S1364,[TAGA]n TACA [TAGA]n,autosomal
chr19:15617364-15617651,D19S253,[ATCT]n,autosomal
chr20:17391787-17392086,D20S470,[AGGA]n,autosomal
chr20:55249299-55249600,D20S1082,[ATA]n,autosomal
chr21:30334368-30334736,D21S1270,[ATAG]n atg [ATAG]n atg [ATAG]n ATG [ATAG]n,autosomal
chr21:39819388-39819749,D21S2055,[CTAT]n CTAA [CTAT]n N30 [TATC]n ,autosomal
chr22:17169711-17169982,D22GATA198B05,CTCT [ATCT]n [ACCT]n,autosomal
chrY:3772270-3772641,DYS526-II,[CCCT]n N20 [CTTT]n [CCTT]n ,xy
chrY:3772530-3773188,DYS526-I,[CCTT]n ,xy
chrY:6357729-6358175,DYF403S1a_(312_NT),[TTCT]n atc [TTCT]n,xy
chrY:9816553+9817003,DYF403S1a_(316_NT),Reverse of reference sequence to match fragment 1 repeat description: [TTCT]n atc [TTCT]n,xy
chrY:9681951-9682416,DYF403S1b1_(341_NT),[TTCT]n tt [TTCT]n,xy
chrY:6479504+6480065,DYF403S1b2_(437_NT),Reverse of reference sequence to match fragment 1 repeat description:  [TTCT]n ct [TTCT]n [TTCC]n [TTCT]n tt [TTCT]n,xy
chrY:16760014-16760560,DYS547,[CCTT]n t [CTTC]n N56 [TTTC]n N10 [CCTT]n tctc [TTTC]n N14 [TTTC]n,xy
chrY:22270730-22271147,DYS626,[AAAG]n [AGAA]n AGAG [GAAG]n [AAAG]n,xy
chrY:22950182-22950481,DYF399S1_fragment_1,[GAAA]n aagaaaag [GAAA]n,xy
chrY:24583939-24584225,DYF399S1_fragment_2,[GAAA]n aagaaaa [GAAA]n,xy
chrY:25085865+25086155,DYF399S1_fragment_3, Reverse of reference sequence to match fragment 2 repeat description: [GAAA]n aagaaaa [GAAA]n,xy
chrY:23094729-23094877,DYS464_fragment_1, [CCTT]n N45 [CCTT]n tgttccct [CCTT]n,xy
chrY:23325672+23326094,DYS464_fragment_2, Reverse of reference sequence to match fragment 1 repeat description: [CCTT]n N45 [CCTT]n tgttccct [CCTT]n,xy
chrY:24728354-24728772,DYS464_fragment_3,[CCTT]n N45 [CCTT]n tgttccct [CCTT]n,xy
chrY:24941344+24941754,DYS464_fragment_4, Reverse of reference sequence to match fragment 1 repeat description: [CCTT]n N45 [CCTT]n tgttccct [CCTT]n,xy
chrY:23807834-23808151,DYF404S1_fragment_1, [TTTC]n N42 [TTTC]n,xy
chrY:25861938+25862247,DYF404S1_fragment_2, Reverse of reference sequence to match fragment 1 repeat description: [TTTC]n N42 [TTTC]n,xy
chrX:9270818-9271183,DXS10148,[GGAA]n [AAGA]n [AAAG]n aaggaaag [AAGG]n,xy
chrX:67495961-67496264,DXS10079,[AGAA]n AGAG [AGAA]n,xy
chrX:134520365-134520719,DXS10101,[AAAG]n gaaagaag [GAAA]n a [GAAA]n aaga [AAAG]n aaaaagaa [AAAG]n AA,xy
chrX:150403692-150404185,DXS10146_(GRCH38),[AAAG]n a [AAAG]n N10 [GGAA]n N10 [GGGA]n ggaaggga [GGAA]n a [GGAA]n,xy
chrX:150403692-150404185,DXS10146_(GRCH37),[TTCC]n t [TTCC]n t TTCC N12 TTCC TCCC N10 [TTCC]n tttctt [CTTT]n CTTC [CTTT]n t [CTTT]n,xy
chrX:150481726-150482131,DXS10134_(GRCH37),[GAAA]n gaga [GAAA]n aa GAAA gaga [GAAA]n N22 GAAA gtaa [GAAA]n aaa [GAAA]n aaa [GAAA]n ,xy
chrX:150481726-150482131,DXS10134_(GRCH38),[GAAA]n gaga [GAAA]n aa GAAA gaga [GAAA]n N22 GAAA gtaa [GAAA]n aaa [GAAA]n aaa [GAAA]n ,xy
